,Logistic Regression,SVM,Decision Tree,KNN
Test set Accuracy,0.8333333333333334,0.8333333333333334,0.7777777777777778,0.8333333333333334
